FileName,Split,RemoveJunkBefore,RemoveJunkAfter,Date,User
/datc/ortho/Cat4_pat6_meting1_oef8.csv,0,5,34,2018-12-10 17:28:22.353560,Luke
/datc/ortho/Cat3_pat11_meting2_oef4.csv,0,5,257,2018-12-12 09:58:00.721731,Vinnie Flex
/datc/ortho/Cat3_pat21_meting1_oef4.csv,0,30,130,2018-12-12 09:58:52.850852,Vinnie Flex
/datc/ortho/Cat3_pat18_meting2_oef4.csv,0,15,155,2018-12-12 09:59:27.595930,Vinnie Flex
/datc/ortho/Cat3_pat12_meting1_oef4.csv,0,35,95,2018-12-12 09:59:57.649429,Vinnie Flex
/datc/ortho/Cat3_pat5_meting1_oef4.csv,0,95,140,2018-12-12 10:00:23.769809,Vinnie Flex
/datc/ortho/Cat3_pat17_meting1_oef4.csv,118,25,173,2018-12-12 10:00:47.536059,Vinnie Flex
/datc/ortho/Cat3_pat7_meting2_oef4.csv,0,6,205,2018-12-12 10:03:31.772974,Vinnie Flex
/datc/ortho/Cat3_pat29_meting2_oef4.csv,0,15,207,2018-12-12 10:04:05.294859,Vinnie Flex
/datc/ortho/Cat3_pat31_meting1_oef4.csv,0,52,256,2018-12-12 10:06:40.412018,Vinnie Flex
/datc/ortho/Cat3_pat26_meting1_oef4.csv,0,20,265,2018-12-12 10:07:17.057060,Vinnie Flex
/datc/ortho/Cat3_pat9_meting1_oef4.csv,300,100,390,2018-12-12 10:10:22.322789,Vinnie Flex
/datc/ortho/Cat3_pat31_meting2_oef4.csv,0,17,260,2018-12-12 10:12:23.714759,Vinnie Flex
/datc/ortho/Cat3_pat39_meting2_oef4.csv,90,5,180,2018-12-12 10:12:51.789341,Vinnie Flex
/datc/ortho/Cat3_pat37_meting2_oef4.csv,0,10,185,2018-12-12 10:13:33.406496,Vinnie Flex
/datc/ortho/Cat3_pat25_meting1_oef4.csv,0,10,195,2018-12-12 10:14:10.164527,Vinnie Flex
/datc/ortho/Cat3_pat30_meting1_oef4.csv,115,20,168,2018-12-12 10:14:39.549114,Vinnie Flex
/datc/ortho/Cat3_pat7_meting1_oef4.csv,0,10,105,2018-12-12 10:15:00.013768,Vinnie Flex
/datc/ortho/Cat3_pat24_meting2_oef4.csv,0,65,230,2018-12-12 10:17:01.889549,Vinnie Flex
/datc/ortho/Cat3_pat34_meting2_oef4.csv,56,4,82,2018-12-12 10:17:46.699098,Vinnie Flex
/datc/ortho/Cat3_pat17_meting2_oef4.csv,0,12,223,2018-12-12 10:18:28.245855,Vinnie Flex
/datc/ortho/Cat3_pat35_meting1_oef4.csv,0,50,300,2018-12-12 10:19:31.544635,Vinnie Flex
/datc/ortho/Cat3_pat38_meting1_oef4.csv,0,6,35,2018-12-12 10:20:02.218951,Vinnie Flex
/datc/ortho/Cat3_pat26_meting2_oef4.csv,80,25,125,2018-12-12 10:22:14.383062,Vinnie Flex
/datc/ortho/Cat3_pat21_meting2_oef4.csv,300,120,530,2018-12-12 10:29:05.432777,Vinnie Flex
/datc/ortho/Cat3_pat24_meting1_oef4.csv,0,40,240,2018-12-12 10:31:04.425425,Vinnie Flex
/datc/ortho/Cat3_pat32_meting1_oef4.csv,0,20,275,2018-12-12 10:31:33.058490,Vinnie Flex
/datc/ortho/Cat3_pat30_meting2_oef4.csv,0,27,198,2018-12-12 10:31:59.632882,Vinnie Flex
/datc/ortho/Cat3_pat39_meting1_oef4.csv,180,10,282,2018-12-12 10:40:29.738410,Vinnie Flex
/datc/ortho/Cat3_pat18_meting1_oef4.csv,0,15,230,2018-12-12 10:43:10.300975,Vinnie Flex
/datc/ortho/Cat3_pat38_meting2_oef4.csv,0,23,268,2018-12-12 10:49:27.139437,Vinnie Flex
/datc/ortho/Cat3_pat28_meting1_oef4.csv,0,16,120,2018-12-12 10:49:55.849800,Vinnie Flex
/datc/ortho/Cat3_pat12_meting2_oef4.csv,0,28,158,2018-12-12 10:52:44.928979,Vinnie Flex
/datc/ortho/Cat3_pat8_meting2_oef4.csv,0,10,290,2018-12-12 10:53:27.282817,Vinnie Flex
/datc/ortho/Cat3_pat14_meting2_oef4.csv,0,3,148,2018-12-12 10:54:54.306353,Vinnie Flex
/datc/ortho/Cat3_pat8_meting1_oef4.csv,0,50,305,2018-12-12 10:55:36.047976,Vinnie Flex
/datc/ortho/Cat3_pat37_meting1_oef4.csv,105,30,174,2018-12-12 11:10:56.798754,Vinnie Flex
/datc/ortho/Cat3_pat9_meting2_oef4.csv,0,65,285,2018-12-12 11:11:41.818353,Vinnie Flex
/datc/ortho/Cat3_pat3_meting1_oef4.csv,0,24,220,2018-12-12 11:12:25.921191,Vinnie Flex
/datc/ortho/Cat3_pat11_meting1_oef4.csv,0,5,175,2018-12-12 11:16:17.750427,Vinnie Flex
/datc/ortho/Cat3_pat34_meting1_oef4.csv,220,100,292,2018-12-12 11:16:52.110690,Vinnie Flex
/datc/ortho/Cat3_pat15_meting1_oef4.csv,95,25,155,2018-12-12 11:17:18.762018,Vinnie Flex
/datc/ortho/Cat3_pat22_meting2_oef4.csv,90,20,160,2018-12-12 11:22:12.190154,Vinnie Flex
/datc/ortho/Cat3_pat27_meting1_oef4.csv,166,48,235,2018-12-12 11:22:41.195706,Vinnie Flex
/datc/ortho/Cat3_pat15_meting2_oef4.csv,155,48,250,2018-12-12 11:23:05.536476,Vinnie Flex
/datc/ortho/Cat3_pat25_meting2_oef4.csv,0,9,104,2018-12-12 11:23:45.592533,Vinnie Flex
/datc/ortho/Cat3_pat10_meting2_oef4.csv,0,200,550,2018-12-12 11:24:16.277515,Vinnie Flex
/datc/ortho/Cat3_pat22_meting1_oef4.csv,0,13,112,2018-12-12 11:24:56.872833,Vinnie Flex
/datc/ortho/Cat3_pat6_meting1_oef4.csv,0,9,310,2018-12-12 11:28:52.619508,Vinnie Flex
/datc/ortho/Cat3_pat20_meting1_oef4.csv,0,25,212,2018-12-12 11:33:39.364398,Vinnie Flex
/datc/ortho/Cat3_pat13_meting1_oef4.csv,0,22,132,2018-12-12 11:34:48.912732,Vinnie Flex
/datc/ortho/Cat3_pat3_meting2_oef4.csv,0,50,170,2018-12-12 11:35:09.338024,Vinnie Flex
/datc/ortho/Cat3_pat16_meting1_oef4.csv,0,8,118,2018-12-12 11:35:35.579434,Vinnie Flex
/datc/ortho/Cat3_pat6_meting2_oef4.csv,0,38,133,2018-12-12 11:36:35.617526,Vinnie Flex
/datc/ortho/Cat3_pat33_meting1_oef4.csv,115,28,180,2018-12-12 11:37:00.785730,Vinnie Flex
/datc/ortho/Cat3_pat14_meting1_oef4.csv,0,5,145,2018-12-12 11:37:16.354433,Vinnie Flex
/datc/ortho/Cat3_pat29_meting1_oef4.csv,0,15,272,2018-12-12 11:39:00.706095,Vinnie Flex
/datc/ortho/Cat3_pat33_meting2_oef4.csv,0,18,180,2018-12-12 11:42:44.905318,Vinnie Flex
/datc/ortho/Cat3_pat17_meting2_oef5.csv,0,10,132,2018-12-12 13:09:17.936679,Vinnie Flex
/datc/ortho/Cat3_pat30_meting2_oef5.csv,0,48,150,2018-12-12 13:10:35.301201,Vinnie Flex
/datc/ortho/Cat3_pat38_meting2_oef5.csv,0,25,170,2018-12-12 13:11:15.163650,Vinnie Flex
/datc/ortho/Cat3_pat8_meting1_oef5.csv,0,15,340,2018-12-12 13:11:57.312694,Vinnie Flex
/datc/ortho/Cat3_pat15_meting1_oef5.csv,0,7,142,2018-12-12 13:13:08.653187,Vinnie Flex
/datc/ortho/Cat3_pat16_meting1_oef5.csv,0,8,153,2018-12-12 13:16:56.298493,Vinnie Flex
/datc/ortho/Cat3_pat7_meting1_oef5.csv,15,15,105,2018-12-12 13:17:21.177097,Vinnie Flex
/datc/ortho/Cat3_pat8_meting2_oef5.csv,20,20,300,2018-12-12 13:17:54.997277,Vinnie Flex
/datc/ortho/Cat3_pat11_meting1_oef5.csv,0,50,252,2018-12-12 13:18:15.988091,Vinnie Flex
/datc/ortho/Cat3_pat3_meting2_oef5.csv,8,8,135,2018-12-12 13:18:49.217362,Vinnie Flex
/datc/ortho/Cat3_pat29_meting1_oef5.csv,0,5,202,2018-12-12 13:19:14.498423,Vinnie Flex
/datc/ortho/Cat3_pat34_meting2_oef5.csv,0,3,92,2018-12-12 13:19:39.352885,Vinnie Flex
/datc/ortho/Cat3_pat33_meting2_oef5.csv,0,8,210,2018-12-12 13:20:03.480519,Vinnie Flex
/datc/ortho/Cat3_pat3_meting1_oef5.csv,0,22,430,2018-12-12 13:20:54.365747,Vinnie Flex
/datc/ortho/Cat3_pat37_meting1_oef5.csv,0,48,182,2018-12-12 13:21:28.627085,Vinnie Flex
/datc/ortho/Cat3_pat12_meting2_oef5.csv,67,10,102,2018-12-12 13:22:06.416980,Vinnie Flex
/datc/ortho/Cat3_pat6_meting1_oef5.csv,0,40,98,2018-12-12 13:22:35.746971,Vinnie Flex
/datc/ortho/Cat3_pat30_meting1_oef5.csv,0,20,220,2018-12-12 13:24:19.167749,Vinnie Flex
/datc/ortho/Cat3_pat5_meting1_oef5.csv,0,28,192,2018-12-12 13:25:58.862715,Vinnie Flex
/datc/ortho/Cat3_pat39_meting1_oef5.csv,0,105,275,2018-12-12 13:26:33.512497,Vinnie Flex
/datc/ortho/Cat3_pat35_meting1_oef5.csv,0,20,342,2018-12-12 13:26:58.024232,Vinnie Flex
/datc/ortho/Cat3_pat20_meting1_oef5.csv,130,17,238,2018-12-12 13:27:41.929349,Vinnie Flex
/datc/ortho/Cat3_pat21_meting2_oef5.csv,0,10,265,2018-12-12 13:31:31.448017,Vinnie Flex
/datc/ortho/Cat3_pat10_meting2_oef5.csv,0,150,502,2018-12-12 13:32:18.211606,Vinnie Flex
/datc/ortho/Cat3_pat39_meting2_oef5.csv,0,23,142,2018-12-12 13:37:17.551587,Vinnie Flex
/datc/ortho/Cat3_pat18_meting1_oef5.csv,0,10,165,2018-12-12 13:39:28.878193,Vinnie Flex
/datc/ortho/Cat3_pat31_meting1_oef5.csv,177,10,290,2018-12-12 13:45:14.467107,Vinnie Flex
/datc/ortho/Cat3_pat7_meting2_oef5.csv,24,25,225,2018-12-12 13:55:11.502308,Vinnie Flex
/datc/ortho/Cat3_pat14_meting2_oef5.csv,0,16,103,2018-12-12 13:55:32.609733,Vinnie Flex
/datc/ortho/Cat3_pat29_meting2_oef5.csv,0,25,190,2018-12-12 13:56:33.835224,Vinnie Flex
/datc/ortho/Cat3_pat17_meting1_oef5.csv,45,4,100,2018-12-12 13:57:08.239764,Vinnie Flex
/datc/ortho/Cat3_pat14_meting1_oef5.csv,0,4,115,2018-12-12 14:01:30.200948,Vinnie Flex
/datc/ortho/Cat3_pat9_meting1_oef5.csv,0,5,225,2018-12-12 14:04:16.833858,Vinnie Flex
/datc/ortho/Cat3_pat24_meting2_oef5.csv,0,45,192,2018-12-12 14:04:48.869608,Vinnie Flex
/datc/ortho/Cat3_pat18_meting2_oef5.csv,82,20,138,2018-12-12 14:05:17.919025,Vinnie Flex
/datc/ortho/Cat3_pat21_meting1_oef5.csv,0,12,160,2018-12-12 14:09:14.614585,Vinnie Flex
/datc/ortho/Cat3_pat26_meting2_oef5.csv,0,22,95,2018-12-12 14:09:44.048063,Vinnie Flex
/datc/ortho/Cat3_pat22_meting2_oef5.csv,0,5,148,2018-12-12 14:14:36.999143,Vinnie Flex
/datc/ortho/Cat3_pat37_meting2_oef5.csv,88,20,155,2018-12-12 14:15:33.010079,Vinnie Flex
/datc/ortho/Cat3_pat11_meting2_oef5.csv,0,5,126,2018-12-12 14:16:08.388351,Vinnie Flex
/datc/ortho/Cat3_pat22_meting1_oef5.csv,0,5,72,2018-12-12 14:16:27.320198,Vinnie Flex
/datc/ortho/Cat3_pat31_meting2_oef5.csv,0,20,225,2018-12-12 14:17:31.133904,Vinnie Flex
/datc/ortho/Cat3_pat13_meting1_oef5.csv,0,5,157,2018-12-12 14:18:05.798190,Vinnie Flex
/datc/ortho/Cat3_pat25_meting2_oef5.csv,0,18,95,2018-12-12 14:18:34.598713,Vinnie Flex
/datc/ortho/Cat3_pat26_meting1_oef5.csv,0,10,182,2018-12-12 14:18:54.609838,Vinnie Flex
/datc/ortho/Cat3_pat24_meting1_oef5.csv,0,32,185,2018-12-12 14:19:20.749982,Vinnie Flex
/datc/ortho/Cat3_pat34_meting1_oef5.csv,175,95,240,2018-12-12 14:19:54.418403,Vinnie Flex
/datc/ortho/Cat3_pat20_meting2_oef5.csv,0,15,217,2018-12-12 14:20:20.253507,Vinnie Flex
/datc/ortho/Cat3_pat27_meting1_oef5.csv,0,28,192,2018-12-12 14:20:57.403843,Vinnie Flex
/datc/ortho/Cat3_pat12_meting1_oef5.csv,0,18,88,2018-12-12 14:21:17.481743,Vinnie Flex
/datc/ortho/Cat3_pat33_meting1_oef5.csv,0,10,245,2018-12-12 14:21:36.826837,Vinnie Flex
/datc/ortho/Cat3_pat28_meting1_oef5.csv,85,13,117,2018-12-12 14:22:12.281829,Vinnie Flex
/datc/ortho/Cat3_pat9_meting2_oef5.csv,0,50,259,2018-12-12 14:22:42.221261,Vinnie Flex
/datc/ortho/Cat3_pat6_meting2_oef5.csv,60,18,91,2018-12-12 14:23:03.511118,Vinnie Flex
/datc/ortho/Cat3_pat25_meting1_oef5.csv,0,30,148,2018-12-12 14:23:34.398344,Vinnie Flex
/datc/ortho/Cat3_pat15_meting2_oef5.csv,105,7,220,2018-12-12 14:24:22.817653,Vinnie Flex
/datc/ortho/Cat3_pat32_meting1_oef5.csv,0,15,146,2018-12-12 14:24:43.378030,Vinnie Flex
/datc/ortho/Cat3_pat22_meting2_oef3.csv,46,4,83,2018-12-12 14:38:24.485583,Vinnie Flex
/datc/ortho/Cat3_pat5_meting1_oef3.csv,230,135,368,2018-12-12 14:40:14.471544,Vinnie Flex
/datc/ortho/Cat3_pat8_meting2_oef3.csv,160,12,290,2018-12-12 14:40:39.197798,Vinnie Flex
/datc/ortho/Cat3_pat38_meting2_oef3.csv,100,16,192,2018-12-12 14:41:15.600495,Vinnie Flex
/datc/ortho/Cat3_pat26_meting2_oef3.csv,74,5,140,2018-12-12 14:42:14.343908,Vinnie Flex
/datc/ortho/Cat3_pat31_meting2_oef3.csv,52,5,97,2018-12-12 14:42:40.807702,Vinnie Flex
/datc/ortho/Cat3_pat6_meting2_oef3.csv,57,3,100,2018-12-12 14:43:08.049012,Vinnie Flex
/datc/ortho/Cat3_pat28_meting1_oef3.csv,146,20,230,2018-12-12 14:43:40.810967,Vinnie Flex
/datc/ortho/Cat3_pat21_meting1_oef3.csv,58,4,112,2018-12-12 14:44:09.305773,Vinnie Flex
/datc/ortho/Cat3_pat17_meting1_oef3.csv,148,20,268,2018-12-12 14:44:46.491400,Vinnie Flex
/datc/ortho/Cat3_pat18_meting1_oef3.csv,120,27,188,2018-12-12 14:45:11.404976,Vinnie Flex
/datc/ortho/Cat3_pat34_meting1_oef3.csv,75,10,186,2018-12-12 14:45:42.612787,Vinnie Flex
/datc/ortho/Cat3_pat37_meting2_oef3.csv,74,8,152,2018-12-12 14:46:03.734164,Vinnie Flex
/datc/ortho/Cat3_pat16_meting1_oef3.csv,72,5,124,2018-12-12 14:52:28.783549,Vinnie Flex
/datc/ortho/Cat3_pat9_meting1_oef3.csv,145,7,240,2018-12-12 14:52:56.805750,Vinnie Flex
/datc/ortho/Cat3_pat11_meting2_oef3.csv,58,3,110,2018-12-12 14:53:23.571535,Vinnie Flex
/datc/ortho/Cat3_pat15_meting2_oef3.csv,93,8,173,2018-12-12 14:53:55.980751,Vinnie Flex
/datc/ortho/Cat3_pat14_meting2_oef3.csv,83,12,177,2018-12-12 14:54:19.499422,Vinnie Flex
/datc/ortho/Cat3_pat25_meting2_oef3.csv,36,2,78,2018-12-12 14:54:39.150285,Vinnie Flex
/datc/ortho/Cat3_pat32_meting1_oef3.csv,132,12,230,2018-12-12 14:55:03.736885,Vinnie Flex
/datc/ortho/Cat3_pat37_meting1_oef3.csv,114,5,198,2018-12-12 14:55:23.261322,Vinnie Flex
/datc/ortho/Cat3_pat39_meting1_oef3.csv,110,5,190,2018-12-12 14:55:57.534334,Vinnie Flex
/datc/ortho/Cat3_pat8_meting1_oef3.csv,160,15,268,2018-12-12 14:56:18.007836,Vinnie Flex
/datc/ortho/Cat3_pat30_meting2_oef3.csv,68,7,113,2018-12-12 14:56:44.362211,Vinnie Flex
/datc/ortho/Cat3_pat24_meting1_oef3.csv,108,5,182,2018-12-12 14:57:52.535725,Vinnie Flex
/datc/ortho/Cat3_pat7_meting2_oef3.csv,115,15,182,2018-12-12 14:58:10.080053,Vinnie Flex
/datc/ortho/Cat4_pat24_meting1_oef10.csv,0,4,30,2018-12-12 14:59:05.086208,Vinnie Flex
/datc/ortho/Cat4_pat12_meting1_oef10.csv,0,12,35,2018-12-12 14:59:18.979260,Vinnie Flex
/datc/ortho/Cat4_pat24_meting2_oef10.csv,0,2,32,2018-12-12 14:59:33.427427,Vinnie Flex
/datc/ortho/Cat4_pat20_meting2_oef10.csv,0,0,40,2018-12-12 15:00:08.835843,Vinnie Flex
/datc/ortho/Cat3_pat7_meting1_oef6.csv,0,8,78,2018-12-12 15:01:29.593033,Vinnie Flex
/datc/ortho/Cat3_pat6_meting2_oef6.csv,48,5,93,2018-12-12 15:01:52.181726,Vinnie Flex
/datc/ortho/Cat3_pat33_meting2_oef6.csv,62,10,105,2018-12-12 15:02:11.393762,Vinnie Flex
/datc/ortho/Cat3_pat16_meting1_oef6.csv,65,8,110,2018-12-12 15:02:32.775829,Vinnie Flex
/datc/ortho/Cat3_pat9_meting2_oef6.csv,100,12,178,2018-12-12 15:02:57.370726,Vinnie Flex
/datc/ortho/Cat3_pat21_meting2_oef6.csv,0,5,280,2018-12-12 15:04:11.879277,Vinnie Flex
/datc/ortho/Cat3_pat11_meting1_oef6.csv,0,8,177,2018-12-12 15:04:29.042413,Vinnie Flex
/datc/ortho/Cat3_pat8_meting2_oef6.csv,105,8,250,2018-12-12 15:04:54.061144,Vinnie Flex
/datc/ortho/Cat3_pat12_meting1_oef6.csv,0,8,108,2018-12-12 15:05:15.532075,Vinnie Flex
/datc/ortho/Cat3_pat29_meting1_oef6.csv,0,10,155,2018-12-12 15:05:41.495789,Vinnie Flex
/datc/ortho/Cat3_pat22_meting2_oef6.csv,0,3,68,2018-12-12 15:05:59.137598,Vinnie Flex
/datc/ortho/Cat3_pat29_meting2_oef6.csv,0,6,128,2018-12-12 15:06:20.475964,Vinnie Flex
/datc/ortho/Cat3_pat13_meting1_oef6.csv,0,8,88,2018-12-12 15:06:38.095521,Vinnie Flex
/datc/ortho/Cat3_pat14_meting1_oef6.csv,0,7,70,2018-12-12 15:06:51.890309,Vinnie Flex
/datc/ortho/Cat3_pat18_meting2_oef6.csv,0,5,82,2018-12-12 15:07:01.312563,Vinnie Flex
/datc/ortho/Cat3_pat11_meting2_oef6.csv,0,18,165,2018-12-12 15:07:23.535296,Vinnie Flex
/datc/ortho/Cat3_pat26_meting2_oef6.csv,0,5,88,2018-12-12 15:07:36.390861,Vinnie Flex
/datc/ortho/Cat3_pat37_meting2_oef6.csv,0,8,130,2018-12-12 15:07:51.493235,Vinnie Flex
/datc/ortho/Cat3_pat30_meting2_oef6.csv,0,5,100,2018-12-12 15:08:08.884110,Vinnie Flex
/datc/ortho/Cat3_pat33_meting1_oef6.csv,0,5,132,2018-12-12 15:08:24.631956,Vinnie Flex
/datc/ortho/Cat3_pat32_meting1_oef6.csv,0,10,170,2018-12-12 15:08:53.780815,Vinnie Flex
/datc/ortho/Cat3_pat15_meting2_oef6.csv,0,3,105,2018-12-12 15:09:07.399986,Vinnie Flex
/datc/ortho/Cat3_pat6_meting1_oef6.csv,0,7,88,2018-12-12 15:09:34.103072,Vinnie Flex
/datc/ortho/Cat3_pat18_meting1_oef6.csv,77,8,125,2018-12-12 15:09:54.352821,Vinnie Flex
/datc/ortho/Cat3_pat26_meting1_oef6.csv,80,23,174,2018-12-12 15:10:09.420963,Vinnie Flex
/datc/ortho/Cat3_pat28_meting1_oef6.csv,48,6,78,2018-12-12 15:10:28.852979,Vinnie Flex
/datc/ortho/Cat3_pat34_meting1_oef6.csv,80,6,150,2018-12-12 15:10:52.953482,Vinnie Flex
/datc/ortho/Cat3_pat9_meting1_oef6.csv,128,5,242,2018-12-12 15:11:15.773887,Vinnie Flex
/datc/ortho/Cat3_pat21_meting1_oef6.csv,71,4,117,2018-12-12 15:11:38.382411,Vinnie Flex
/datc/ortho/Cat3_pat10_meting2_oef6.csv,207,100,295,2018-12-12 15:12:01.297093,Vinnie Flex
/datc/ortho/Cat3_pat39_meting2_oef6.csv,60,5,105,2018-12-12 15:12:19.407978,Vinnie Flex
/datc/ortho/Cat3_pat39_meting1_oef6.csv,100,5,174,2018-12-12 15:12:44.889929,Vinnie Flex
/datc/ortho/Cat3_pat24_meting1_oef6.csv,70,15,122,2018-12-12 15:13:00.951524,Vinnie Flex
/datc/ortho/Cat3_pat17_meting2_oef6.csv,62,8,116,2018-12-12 15:13:19.780247,Vinnie Flex
/datc/ortho/Cat3_pat15_meting1_oef6.csv,60,4,122,2018-12-12 15:13:34.880761,Vinnie Flex
/datc/ortho/Cat3_pat38_meting2_oef6.csv,70,8,135,2018-12-12 15:13:58.228146,Vinnie Flex
/datc/ortho/Cat3_pat7_meting2_oef6.csv,72,18,110,2018-12-12 15:14:29.759420,Vinnie Flex
/datc/ortho/Cat3_pat17_meting1_oef6.csv,76,4,140,2018-12-12 15:14:47.218076,Vinnie Flex
/datc/ortho/Cat3_pat22_meting1_oef6.csv,78,3,122,2018-12-12 15:15:06.956069,Vinnie Flex
/datc/ortho/Cat3_pat25_meting2_oef6.csv,47,4,90,2018-12-12 15:15:25.999866,Vinnie Flex
/datc/ortho/Cat3_pat35_meting1_oef6.csv,160,5,300,2018-12-12 15:15:44.056491,Vinnie Flex
/datc/ortho/Cat3_pat20_meting2_oef6.csv,50,4,88,2018-12-12 15:15:56.842366,Vinnie Flex
/datc/ortho/Cat3_pat3_meting1_oef6.csv,115,40,175,2018-12-12 15:16:15.302439,Vinnie Flex
/datc/ortho/Cat3_pat37_meting1_oef6.csv,110,40,188,2018-12-12 15:16:37.417992,Vinnie Flex
/datc/ortho/Cat3_pat12_meting2_oef6.csv,38,4,70,2018-12-12 15:17:00.821457,Vinnie Flex
/datc/ortho/Cat3_pat14_meting2_oef6.csv,38,5,68,2018-12-12 15:17:20.243155,Vinnie Flex
/datc/ortho/Cat3_pat30_meting1_oef6.csv,56,7,98,2018-12-12 15:17:46.607553,Vinnie Flex
/datc/ortho/Cat3_pat3_meting2_oef6.csv,66,8,120,2018-12-12 15:18:02.670582,Vinnie Flex
/datc/ortho/Cat3_pat5_meting1_oef6.csv,80,5,100,2018-12-12 15:18:15.072573,Vinnie Flex
/datc/ortho/Cat3_pat24_meting2_oef6.csv,84,5,130,2018-12-12 15:18:31.418300,Vinnie Flex
/datc/ortho/Cat3_pat20_meting1_oef6.csv,70,14,118,2018-12-12 15:18:48.534111,Vinnie Flex
/datc/ortho/Cat3_pat27_meting1_oef6.csv,148,5,272,2018-12-12 15:19:11.181137,Vinnie Flex
/datc/ortho/Cat3_pat34_meting2_oef6.csv,37,5,58,2018-12-12 15:19:28.847676,Vinnie Flex
/datc/ortho/Cat3_pat8_meting1_oef6.csv,135,20,240,2018-12-12 15:19:56.291439,Vinnie Flex
/datc/ortho/Cat3_pat38_meting1_oef6.csv,35,8,62,2018-12-12 15:20:10.231778,Vinnie Flex
/datc/ortho/Cat3_pat31_meting1_oef6.csv,62,5,118,2018-12-12 15:20:42.547677,Vinnie Flex
/datc/ortho/Cat3_pat25_meting1_oef6.csv,65,8,110,2018-12-12 15:20:57.832255,Vinnie Flex
/datc/ortho/Cat3_pat31_meting2_oef6.csv,52,7,95,2018-12-12 15:21:22.255611,Vinnie Flex
/datc/ortho/Cleaning/testset/Cat1_pat28_meting10_oef8.csv,0,38,130,2019-01-08 11:01:08.995222,JouwNaam
/datc/ortho/Cleaning/testset/Cat1_pat28_meting10_oef8.csv,0,38,130,2019-01-08 11:02:08.412202,JouwNaam
/datc/ortho/testset2/testset/Cat1_pat9_meting10_oef2.csv,0,22,124,2019-01-08 11:33:36.683305,Vincent
/datc/ortho/testset2/testset/Cat1_pat25_meting10_oef2.csv,0,5,152,2019-01-08 11:34:02.262489,Vincent
/datc/ortho/testset2/testset/Cat1_pat28_meting10_oef2.csv,0,20,180,2019-01-08 11:34:27.038754,Vincent
/datc/ortho/testset2/testset/Cat1_pat28_meting10_oef3.csv,0,22,165,2019-01-08 11:35:54.400483,Vincent
/datc/ortho/testset2/testset/Cat1_pat25_meting10_oef3.csv,0,22,205,2019-01-08 11:36:30.228488,Vincent
/datc/ortho/testset2/testset/Cat1_pat9_meting10_oef3.csv,0,10,155,2019-01-08 11:39:42.740880,Vincent
/datc/ortho/testset2/testset/Cat1_pat9_meting10_oef4.csv,0,9,120,2019-01-08 11:43:18.994366,Vincent
/datc/ortho/testset2/testset/Cat1_pat28_meting10_oef4.csv,0,20,168,2019-01-08 11:44:32.972869,Vincent
/datc/ortho/testset2/testset/Cat1_pat25_meting10_oef4.csv,0,12,198,2019-01-08 11:46:28.966717,Vincent
/datc/ortho/testset2/testset/Cat1_pat28_meting10_oef5.csv,0,20,166,2019-01-08 18:30:15.266368,Vincent
/datc/ortho/testset2/testset/Cat1_pat9_meting10_oef5.csv,0,0,120,2019-01-08 18:30:41.133239,Vincent
/datc/ortho/testset2/testset/Cat1_pat25_meting10_oef5.csv,0,15,205,2019-01-08 18:31:06.624377,Vincent
/datc/ortho/testset2/testset/Cat1_pat9_meting10_oef6.csv,68,24,110,2019-01-08 18:31:45.125399,Vincent
/datc/ortho/testset2/testset/Cat1_pat28_meting10_oef6.csv,0,19,150,2019-01-08 18:35:15.475191,Vincent
/datc/ortho/testset2/testset/Cat1_pat25_meting10_oef6.csv,0,4,177,2019-01-08 18:35:37.324602,Vincent
/datc/ortho/testset2/testset/Cat1_pat25_meting10_oef7.csv,0,4,178,2019-01-08 18:36:39.383609,Vincent
/datc/ortho/testset2/testset/Cat1_pat9_meting10_oef7.csv,0,19,92,2019-01-08 18:38:31.695615,Vincent
/datc/ortho/testset2/testset/Cat1_pat28_meting10_oef7.csv,0,15,120,2019-01-08 18:38:57.790389,Vincent
/datc/ortho/testset2/testset/Cat1_pat28_meting10_oef8.csv,0,35,130,2019-01-08 18:39:45.825216,Vincent
/datc/ortho/testset2/testset/Cat1_pat9_meting10_oef8.csv,0,20,140,2019-01-08 18:41:01.899466,Vincent
/datc/ortho/testset2/testset/Cat1_pat25_meting10_oef8.csv,0,5,125,2019-01-08 18:41:17.829079,Vincent
/datc/ortho/testset2/testset/Cat1_pat25_meting10_oef9.csv,0,3,108,2019-01-08 18:42:36.467911,Vincent
/datc/ortho/testset2/testset/Cat1_pat9_meting10_oef9.csv,0,14,98,2019-01-08 18:42:56.329659,Vincent
/datc/ortho/testset2/testset/Cat1_pat28_meting10_oef9.csv,0,25,120,2019-01-08 18:43:12.650053,Vincent
/datc/ortho/testset2/testset/Cat1_pat28_meting10_oef10.csv,0,12,128,2019-01-08 18:43:48.341348,Vincent
/datc/ortho/testset2/testset/Cat1_pat25_meting10_oef10.csv,0,10,80,2019-01-08 18:44:21.078332,Vincent
/datc/ortho/testset2/testset/Cat1_pat9_meting10_oef10.csv,0,3,112,2019-01-08 18:44:43.510805,Vincent
/datc/ortho/testset2/testset/Cat1_pat9_meting10_oef11.csv,0,4,97,2019-01-08 18:45:12.129908,Vincent
/datc/ortho/testset2/testset/Cat1_pat25_meting10_oef11.csv,0,12,105,2019-01-08 18:45:33.836823,Vincent
/datc/ortho/testset2/testset/Cat1_pat28_meting10_oef11.csv,0,18,122,2019-01-08 18:45:53.718107,Vincent
/datc/ortho/testset2/testset/Cat2_pat13_meting10_oef2.csv,209,105,290,2019-01-08 18:49:37.903290,Vincent
/datc/ortho/testset2/testset/Cat2_pat40_meting10_oef2.csv,0,8,92,2019-01-08 18:50:22.955478,Vincent
/datc/ortho/testset2/testset/Cat2_pat13_meting20_oef2.csv,0,15,144,2019-01-08 18:50:50.080354,Vincent
/datc/ortho/testset2/testset/Cat2_pat16_meting10_oef2.csv,102,60,154,2019-01-08 18:51:15.464188,Vincent
/datc/ortho/testset2/testset/Cat2_pat16_meting20_oef2.csv,0,10,98,2019-01-08 18:51:32.413407,Vincent
/datc/ortho/testset2/testset/Cat2_pat19_meting10_oef2.csv,70,5,134,2019-01-08 18:51:58.480673,Vincent
/datc/ortho/testset2/testset/Cat2_pat19_meting20_oef2.csv,0,10,95,2019-01-08 18:52:14.294209,Vincent
/datc/ortho/testset2/testset/Cat2_pat19_meting20_oef3.csv,0,30,141,2019-01-08 18:52:39.089239,Vincent
/datc/ortho/testset2/testset/Cat2_pat13_meting20_oef3.csv,0,17,112,2019-01-08 18:53:00.342019,Vincent
/datc/ortho/testset2/testset/Cat2_pat16_meting20_oef3.csv,0,12,87,2019-01-08 18:53:24.195861,Vincent
/datc/ortho/testset2/testset/Cat2_pat40_meting10_oef3.csv,0,17,92,2019-01-08 18:53:43.924170,Vincent
/datc/ortho/testset2/testset/Cat2_pat16_meting10_oef4.csv,160,78,215,2019-01-08 18:55:21.135622,Vincent
/datc/ortho/testset2/testset/Cat2_pat16_meting20_oef4.csv,0,5,86,2019-01-08 18:55:45.236965,Vincent
/datc/ortho/testset2/testset/Cat2_pat13_meting20_oef4.csv,0,12,122,2019-01-08 18:56:42.613635,Vincent
/datc/ortho/testset2/testset/Cat2_pat13_meting10_oef4.csv,120,10,210,2019-01-08 18:57:13.527964,Vincent
/datc/ortho/testset2/testset/Cat2_pat40_meting10_oef4.csv,0,6,82,2019-01-08 18:57:41.111182,Vincent
/datc/ortho/testset2/testset/Cat2_pat19_meting10_oef4.csv,97,6,177,2019-01-08 18:58:01.963960,Vincent
/datc/ortho/testset2/testset/Cat2_pat19_meting20_oef4.csv,0,5,98,2019-01-08 18:58:23.150823,Vincent
/datc/ortho/testset2/testset/Cat2_pat13_meting20_oef5.csv,0,21,126,2019-01-08 19:09:29.273660,Vincent
/datc/ortho/testset2/testset/Cat2_pat16_meting20_oef5.csv,0,8,88,2019-01-08 19:10:49.661446,Vincent
/datc/ortho/testset2/testset/Cat2_pat19_meting20_oef5.csv,0,7,90,2019-01-08 19:11:04.680080,Vincent
/datc/ortho/testset2/testset/Cat2_pat40_meting10_oef5.csv,0,8,90,2019-01-08 19:11:18.783781,Vincent
/datc/ortho/testset2/testset/Cat2_pat19_meting20_oef6.csv,0,5,110,2019-01-08 19:12:49.747119,Vincent
/datc/ortho/testset2/testset/Cat2_pat13_meting10_oef6.csv,165,10,272,2019-01-08 19:13:17.738780,Vincent
/datc/ortho/testset2/testset/Cat2_pat16_meting10_oef6.csv,100,22,148,2019-01-08 19:15:04.349450,Vincent
/datc/ortho/testset2/testset/Cat2_pat40_meting10_oef6.csv,0,9,79,2019-01-08 19:15:27.148966,Vincent
/datc/ortho/testset2/testset/Cat2_pat19_meting10_oef6.csv,98,25,137,2019-01-08 19:15:52.707172,Vincent
/datc/ortho/testset2/testset/Cat2_pat13_meting20_oef6.csv,0,8,128,2019-01-08 19:16:35.992754,Vincent
/datc/ortho/testset2/testset/Cat2_pat40_meting10_oef7.csv,0,20,73,2019-01-08 19:17:13.540227,Vincent
/datc/ortho/testset2/testset/Cat2_pat13_meting20_oef7.csv,0,5,86,2019-01-08 19:17:30.218466,Vincent
/datc/ortho/testset2/testset/Cat2_pat19_meting20_oef7.csv,0,10,97,2019-01-08 19:18:15.464855,Vincent
/datc/ortho/testset2/testset/Cat2_pat19_meting10_oef8.csv,0,19,100,2019-01-08 19:18:46.546553,Vincent
/datc/ortho/testset2/testset/Cat2_pat19_meting20_oef8.csv,0,37,120,2019-01-08 19:19:17.620809,Vincent
/datc/ortho/testset2/testset/Cat2_pat16_meting20_oef8.csv,0,22,67,2019-01-08 19:20:27.313831,Vincent
/datc/ortho/testset2/testset/Cat2_pat13_meting20_oef8.csv,0,6,160,2019-01-08 19:20:49.283919,Vincent
/datc/ortho/testset2/testset/Cat2_pat40_meting10_oef8.csv,0,20,85,2019-01-08 19:21:20.190975,Vincent
/datc/ortho/testset2/testset/Cat2_pat16_meting10_oef8.csv,112,76,162,2019-01-08 19:24:20.799576,Vincent
/datc/ortho/testset2/testset/Cat2_pat13_meting10_oef8.csv,0,30,245,2019-01-08 19:24:40.575167,Vincent
/datc/ortho/testset2/testset/Cat2_pat19_meting20_oef9.csv,0,20,102,2019-01-08 19:27:10.818805,Vincent
/datc/ortho/testset2/testset/Cat2_pat16_meting20_oef9.csv,0,2,95,2019-01-08 19:27:51.262743,Vincent
/datc/ortho/testset2/testset/Cat2_pat40_meting10_oef9.csv,0,22,80,2019-01-08 19:28:36.271835,Vincent
/datc/ortho/testset2/testset/Cat2_pat13_meting20_oef9.csv,0,8,170,2019-01-08 19:29:07.296322,Vincent
/datc/ortho/testset2/testset/Cat2_pat19_meting10_oef10.csv,47,4,88,2019-01-08 19:30:34.704862,Vincent
/datc/ortho/testset2/testset/Cat2_pat19_meting20_oef10.csv,0,4,50,2019-01-08 19:31:05.908972,Vincent
/datc/ortho/testset2/testset/Cat2_pat16_meting10_oef10.csv,35,3,65,2019-01-08 19:31:24.074553,Vincent
/datc/ortho/testset2/testset/Cat2_pat13_meting10_oef10.csv,96,10,158,2019-01-08 19:33:22.490317,Vincent
/datc/ortho/testset2/testset/Cat2_pat40_meting10_oef10.csv,0,12,87,2019-01-08 19:34:18.112780,Vincent
/datc/ortho/testset2/testset/Cat2_pat13_meting20_oef10.csv,0,5,86,2019-01-08 19:34:40.436849,Vincent
/datc/ortho/testset2/testset/Cat2_pat16_meting20_oef10.csv,0,9,68,2019-01-08 19:35:38.682465,Vincent
/datc/ortho/testset2/testset/Cat2_pat13_meting20_oef11.csv,0,2,60,2019-01-08 19:36:23.543309,Vincent
/datc/ortho/testset2/testset/Cat2_pat19_meting20_oef11.csv,0,11,57,2019-01-08 19:37:12.303092,Vincent
/datc/ortho/testset2/testset/Cat2_pat40_meting10_oef11.csv,0,5,80,2019-01-08 19:37:38.187417,Vincent
/datc/ortho/testset2/testset/Cat2_pat16_meting20_oef11.csv,0,10,35,2019-01-08 19:38:06.657313,Vincent
/datc/ortho/testset2/testset/Cat3_pat23_meting1_oef2.csv,83,7,160,2019-01-09 09:37:06.195565,Vincent
/datc/ortho/testset2/testset/Cat3_pat4_meting1_oef2.csv,0,155,390,2019-01-09 09:38:21.238654,Vincent
/datc/ortho/testset2/testset/Cat3_pat1_meting2_oef2.csv,140,5,246,2019-01-09 09:39:04.982400,Vincent
/datc/ortho/testset2/testset/Cat3_pat36_meting2_oef2.csv,44,4,75,2019-01-09 09:39:30.480052,Vincent
/datc/ortho/testset2/testset/Cat3_pat19_meting1_oef2.csv,85,7,165,2019-01-09 09:39:47.777143,Vincent
/datc/ortho/testset2/testset/Cat3_pat4_meting2_oef2.csv,70,4,125,2019-01-09 09:40:05.073971,Vincent
/datc/ortho/testset2/testset/Cat3_pat36_meting1_oef2.csv,179,8,270,2019-01-09 09:41:20.961225,Vincent
/datc/ortho/testset2/testset/Cat3_pat4_meting1_oef3.csv,120,35,212,2019-01-09 09:42:05.394185,Vincent
/datc/ortho/testset2/testset/Cat3_pat19_meting1_oef3.csv,120,20,198,2019-01-09 09:42:29.769642,Vincent
/datc/ortho/testset2/testset/Cat3_pat4_meting2_oef3.csv,100,8,165,2019-01-09 09:42:46.804735,Vincent
/datc/ortho/testset2/testset/Cat3_pat1_meting2_oef3.csv,124,12,282,2019-01-09 09:43:16.081053,Vincent
/datc/ortho/testset2/testset/Cat3_pat23_meting1_oef3.csv,120,7,198,2019-01-09 09:43:39.955172,Vincent
/datc/ortho/testset2/testset/Cat3_pat36_meting1_oef3.csv,200,15,362,2019-01-09 09:44:01.339290,Vincent
/datc/ortho/testset2/testset/Cat3_pat36_meting2_oef3.csv,52,10,90,2019-01-09 09:44:13.966712,Vincent
/datc/ortho/testset2/testset/Cat3_pat19_meting1_oef4.csv,88,12,190,2019-01-09 09:50:26.477163,Vincent
/datc/ortho/testset2/testset/Cat3_pat23_meting1_oef4.csv,0,30,145,2019-01-09 09:50:53.654754,Vincent
/datc/ortho/testset2/testset/Cat3_pat1_meting2_oef4.csv,265,100,372,2019-01-09 10:05:13.625913,Vincent
/datc/ortho/testset2/testset/Cat3_pat36_meting2_oef4.csv,64,20,105,2019-01-09 10:05:41.739938,Vincent
/datc/ortho/testset2/testset/Cat3_pat4_meting2_oef4.csv,88,28,165,2019-01-09 10:08:20.580643,Vincent
/datc/ortho/testset2/testset/Cat3_pat36_meting1_oef4.csv,145,14,286,2019-01-09 10:11:24.233649,Vincent
/datc/ortho/testset2/testset/Cat3_pat4_meting1_oef4.csv,0,8,102,2019-01-09 10:29:32.112039,Vincent
/datc/ortho/testset2/testset/Cat3_pat4_meting1_oef5.csv,345,315,390,2019-01-09 10:36:29.522015,Vincent
/datc/ortho/testset2/testset/Cat3_pat23_meting1_oef5.csv,88,9,155,2019-01-09 10:37:49.110678,Vincent
/datc/ortho/testset2/testset/Cat3_pat36_meting2_oef5.csv,70,4,125,2019-01-09 10:39:09.538464,Vincent
/datc/ortho/testset2/testset/Cat3_pat4_meting2_oef5.csv,72,16,120,2019-01-09 10:39:45.613638,Vincent
/datc/ortho/testset2/testset/Cat3_pat19_meting1_oef5.csv,268,220,305,2019-01-09 10:40:44.192524,Vincent
/datc/ortho/testset2/testset/Cat3_pat1_meting2_oef5.csv,145,24,260,2019-01-09 10:41:44.281830,Vincent
/datc/ortho/testset2/testset/Cat3_pat36_meting1_oef5.csv,70,6,135,2019-01-09 10:43:04.144741,Vincent
/datc/ortho/testset2/testset/Cat3_pat36_meting2_oef6.csv,35,3,65,2019-01-09 10:44:15.769977,Vincent
/datc/ortho/testset2/testset/Cat3_pat4_meting2_oef6.csv,42,4,78,2019-01-09 10:44:46.892234,Vincent
/datc/ortho/testset2/testset/Cat3_pat4_meting1_oef6.csv,0,3,116,2019-01-09 10:45:32.139287,Vincent
/datc/ortho/testset2/testset/Cat3_pat36_meting1_oef6.csv,115,6,182,2019-01-09 10:46:29.428486,Vincent
/datc/ortho/testset2/testset/Cat3_pat23_meting1_oef6.csv,0,35,100,2019-01-09 10:48:22.388540,Vincent
/datc/ortho/testset2/testset/Cat3_pat19_meting1_oef6.csv,61,8,115,2019-01-09 10:48:50.905140,Vincent
/datc/ortho/testset2/testset/Cat3_pat1_meting2_oef6.csv,0,132,220,2019-01-09 10:49:29.801877,Vincent
/datc/ortho/testset2/testset/Cat4_pat13_meting2_oef2.csv,0,0,44,2019-01-09 11:06:47.319947,Vincent
/datc/ortho/testset2/testset/Cat4_pat13_meting1_oef2.csv,0,4,56,2019-01-09 11:07:19.217768,Vincent
/datc/ortho/testset2/testset/Cat4_pat13_meting2_oef3.csv,0,2,36,2019-01-09 11:07:58.193860,Vincent
/datc/ortho/testset2/testset/Cat4_pat13_meting1_oef3.csv,0,6,47,2019-01-09 11:08:22.939154,Vincent
/datc/ortho/testset2/testset/Cat4_pat13_meting1_oef6.csv,0,8,51,2019-01-09 11:09:16.039867,Vincent
/datc/ortho/testset2/testset/Cat4_pat13_meting2_oef6.csv,0,3,57,2019-01-09 11:11:04.848647,Vincent
/datc/ortho/testset2/testset/Cat4_pat13_meting2_oef7.csv,0,1,36,2019-01-09 11:11:54.150201,Vincent
/datc/ortho/testset2/testset/Cat4_pat13_meting1_oef7.csv,0,10,60,2019-01-09 11:12:20.895831,Vincent
/datc/ortho/testset2/testset/Cat4_pat13_meting1_oef10.csv,0,9,42,2019-01-09 11:13:06.792852,Vincent
/datc/ortho/testset2/testset/Cat4_pat13_meting2_oef10.csv,0,1,22,2019-01-09 11:13:22.426669,Vincent
/datc/ortho/testset2/testset/Cat4_pat13_meting2_oef11.csv,0,2,25,2019-01-09 11:13:59.477026,Vincent
/datc/ortho/testset2/testset/Cat4_pat13_meting1_oef11.csv,0,4,38,2019-01-09 11:16:43.647600,Vincent
/datc/ortho/testset2/testset/Cat4_pat13_meting1_oef14.csv,0,0,34,2019-01-09 11:17:32.222327,Vincent
/datc/ortho/testset2/testset/Cat4_pat13_meting2_oef14.csv,0,9,38,2019-01-09 11:17:54.195937,Vincent
/datc/ortho/testset2/testset/Cat4_pat13_meting1_oef15.csv,0,1,30,2019-01-09 11:18:29.857190,Vincent
/datc/ortho/testset2/testset/Cat4_pat13_meting2_oef15.csv,0,1,25,2019-01-09 11:18:47.138383,Vincent
/datc/ortho/testset2/testset/Cat4_pat13_meting2_oef18.csv,0,6,36,2019-01-09 11:27:49.849270,Vincent
/datc/ortho/testset2/testset/Cat4_pat13_meting1_oef18.csv,0,3,35,2019-01-09 11:28:29.686639,Vincent
/datc/ortho/testset2/testset/Cat4_pat13_meting2_oef19.csv,0,3,28,2019-01-09 11:29:01.782188,Vincent
/datc/ortho/testset2/testset/Cat4_pat13_meting1_oef19.csv,0,6,28,2019-01-09 11:29:18.588808,Vincent
/datc/ortho/testset2/testset/Cat4_pat13_meting2_oef22.csv,78,55,98,2019-01-09 11:31:29.546020,Vincent
/datc/ortho/testset2/testset/Cat4_pat13_meting1_oef22.csv,0,9,115,2019-01-09 11:36:09.373681,Vincent
